place,lat,lon,elevation,country
Etna,37.748,14.999,3357,Italy
Etna,37.748,14.999,3357,Italy
Karthala,-11.75,43.38,2361,Comoros
Ritter Island,-5.519,148.115,75,Papua New Guinea
Rabaul,-4.246,152.194,688,Papua New Guinea
Etna,37.748,14.999,3357,Italy
Nyiragongo,-1.52,29.25,3470,"Congo, DRC"
Vesuvius,40.821,14.426,1281,Italy
Vesuvius,40.821,14.426,1281,Italy
Ischia,40.73,13.897,789,Italy
Alayta,12.888,40.573,1496,Ethiopia
Vesuvius,40.821,14.426,1281,Italy
Stromboli,38.789,15.213,924,Italy
Etna,37.748,14.999,3357,Italy
Karthala,-11.75,43.38,2361,Comoros
Rabaul,-4.246,152.194,688,Papua New Guinea
Vesuvius,40.821,14.426,1281,Italy
Okataina,-38.157,176.507,1111,New Zealand
Manam,-4.08,145.037,1807,Papua New Guinea
Karkar,-4.647,145.976,1839,Papua New Guinea
Campi Flegrei,40.827,14.139,458,Italy
"Fournaise, Piton de la",-21.244,55.708,2632,Reunion
Vesuvius,40.821,14.426,1281,Italy
Vesuvius,40.821,14.426,1281,Italy
Stromboli,38.789,15.213,924,Italy
Stromboli,38.789,15.213,924,Italy
Okataina,-38.157,176.507,1111,New Zealand
Etna,37.748,14.999,3357,Italy
Vesuvius,40.821,14.426,1281,Italy
Etna,37.748,14.999,3357,Italy
Etna,37.748,14.999,3357,Italy
Whakaari/White Island,-37.52,177.18,294,New Zealand
Niuafo'ou,-15.6,-175.63,260,Tonga
Nyamulagira,-1.408,29.2,3058,"Congo, DRC"
Karkar,-4.647,145.976,1839,Papua New Guinea
Campi Flegrei,40.827,14.139,458,Italy
Niuafo'ou,-15.6,-175.63,260,Tonga
Bam,-3.613,144.818,685,Papua New Guinea
Vesuvius,40.821,14.426,1281,Italy
Oku Volcanic Field,6.25,10.5,3011,Cameroon
Etna,37.748,14.999,3357,Italy
Santorini,36.404,25.396,367,Greece
Dama Ali,11.28,41.63,1068,Ethiopia
Etna,37.748,14.999,3357,Italy
Dieng Volcanic Complex,-7.2,109.879,2565,Indonesia
Dieng Volcanic Complex,-7.2,109.879,2565,Indonesia
Merapi,-7.54,110.446,2910,Indonesia
Merapi,-7.54,110.446,2910,Indonesia
Merapi,-7.54,110.446,2910,Indonesia
Merapi,-7.54,110.446,2910,Indonesia
Merapi,-7.54,110.446,2910,Indonesia
Merapi,-7.54,110.446,2910,Indonesia
Merapi,-7.54,110.446,2910,Indonesia
Merapi,-7.54,110.446,2910,Indonesia
Merapi,-7.54,110.446,2910,Indonesia
Merapi,-7.54,110.446,2910,Indonesia
Merapi,-7.54,110.446,2910,Indonesia
Merapi,-7.54,110.446,2910,Indonesia
Merapi,-7.54,110.446,2910,Indonesia
Merapi,-7.54,110.446,2910,Indonesia
Kelud,-7.935,112.314,1730,Indonesia
Kelud,-7.935,112.314,1730,Indonesia
Kelud,-7.935,112.314,1730,Indonesia
Kelud,-7.935,112.314,1730,Indonesia
Kelud,-7.935,112.314,1730,Indonesia
Kelud,-7.935,112.314,1730,Indonesia
Kelud,-7.935,112.314,1730,Indonesia
Kelud,-7.935,112.314,1730,Indonesia
Kelud,-7.935,112.314,1730,Indonesia
Kelud,-7.935,112.314,1730,Indonesia
Kelud,-7.935,112.314,1730,Indonesia
Kelud,-7.935,112.314,1730,Indonesia
Kelud,-7.935,112.314,1730,Indonesia
Kelud,-7.935,112.314,1730,Indonesia
Kelud,-7.935,112.314,1730,Indonesia
Semeru,-8.108,112.922,3657,Indonesia
Semeru,-8.108,112.922,3657,Indonesia
Semeru,-8.108,112.922,3657,Indonesia
Semeru,-8.108,112.922,3657,Indonesia
Semeru,-8.108,112.922,3657,Indonesia
Semeru,-8.108,112.922,3657,Indonesia
Semeru,-8.108,112.922,3657,Indonesia
Semeru,-8.108,112.922,3657,Indonesia
Semeru,-8.108,112.922,3657,Indonesia
Semeru,-8.108,112.922,3657,Indonesia
Semeru,-8.108,112.922,3657,Indonesia
Semeru,-8.108,112.922,3657,Indonesia
Semeru,-8.108,112.922,3657,Indonesia
Semeru,-8.108,112.922,3657,Indonesia
Semeru,-8.108,112.922,3657,Indonesia
Semeru,-8.108,112.922,3657,Indonesia
Lamongan,-7.981,113.341,1641,Indonesia
Lamongan,-7.981,113.341,1641,Indonesia
Raung,-8.119,114.056,3260,Indonesia
Raung,-8.119,114.056,3260,Indonesia
Raung,-8.119,114.056,3260,Indonesia
Raung,-8.119,114.056,3260,Indonesia
Raung,-8.119,114.056,3260,Indonesia
Ijen,-8.058,114.242,2769,Indonesia
Batur,-8.24,115.378,1711,Indonesia
Agung,-8.343,115.508,2997,Indonesia
Agung,-8.343,115.508,2997,Indonesia
Tambora,-8.25,118.0,2850,Indonesia
Iya,-8.891,121.641,618,Indonesia
Paluweh,-8.32,121.708,875,Indonesia
Paluweh,-8.32,121.708,875,Indonesia
Paluweh,-8.32,121.708,875,Indonesia
Paluweh,-8.32,121.708,875,Indonesia
Lewotobi,-8.542,122.775,1703,Indonesia
Lewotobi,-8.542,122.775,1703,Indonesia
Iliwerung,-8.532,123.573,583,Indonesia
Iliwerung,-8.532,123.573,583,Indonesia
Iliwerung,-8.532,123.573,583,Indonesia
Iliwerung,-8.532,123.573,583,Indonesia
Sirung,-8.497,124.131,1347,Indonesia
Teon,-6.976,129.144,728,Pacific Ocean
Teon,-6.976,129.144,728,Pacific Ocean
Serua,-6.312,130.017,608,Pacific Ocean
Banda Api,-4.523,129.881,596,Pacific Ocean
Banda Api,-4.523,129.881,596,Pacific Ocean
Banda Api,-4.523,129.881,596,Pacific Ocean
Banda Api,-4.523,129.881,596,Pacific Ocean
Banda Api,-4.523,129.881,596,Pacific Ocean
Colo,-0.162,121.601,404,Indonesia
Soputan,1.112,124.737,1785,Indonesia
Mahawu,1.352,124.865,1299,Indonesia
Ruang,2.3,125.37,725,Indonesia
Ruang,2.3,125.37,725,Indonesia
Karangetang,2.781,125.407,1797,Indonesia
Karangetang,2.781,125.407,1797,Indonesia
Karangetang,2.781,125.407,1797,Indonesia
Banua Wuhu,3.138,125.491,-5,Indonesia
Awu,3.689,125.447,1318,Indonesia
Awu,3.689,125.447,1318,Indonesia
Awu,3.689,125.447,1318,Indonesia
Awu,3.689,125.447,1318,Indonesia
Awu,3.689,125.447,1318,Indonesia
Awu,3.689,125.447,1318,Indonesia
Dukono,1.699,127.878,1273,Indonesia
Gamkonora,1.38,127.53,1635,Indonesia
Gamalama,0.81,127.332,1714,Indonesia
Gamalama,0.81,127.332,1714,Indonesia
Gamalama,0.81,127.332,1714,Indonesia
Gamalama,0.81,127.332,1714,Indonesia
Gamalama,0.81,127.332,1714,Indonesia
Gamalama,0.81,127.332,1714,Indonesia
Gamalama,0.81,127.332,1714,Indonesia
Gamalama,0.81,127.332,1714,Indonesia
Kie Besi,0.32,127.4,1357,Indonesia
Kie Besi,0.32,127.4,1357,Indonesia
Kie Besi,0.32,127.4,1357,Indonesia
Kie Besi,0.32,127.4,1357,Indonesia
Kie Besi,0.32,127.4,1357,Indonesia
Ragang,7.691,124.507,2790,Philippines
Camiguin,9.203,124.673,1552,Philippines
Camiguin,9.203,124.673,1552,Philippines
Kanlaon,10.41,123.13,2422,Philippines
Bulusan,12.769,124.056,1535,Philippines
Bulusan,12.769,124.056,1535,Philippines
Mayon,13.257,123.685,2462,Philippines
Mayon,13.257,123.685,2462,Philippines
Mayon,13.257,123.685,2462,Philippines
Mayon,13.257,123.685,2462,Philippines
Mayon,13.257,123.685,2462,Philippines
Mayon,13.257,123.685,2462,Philippines
Mayon,13.257,123.685,2462,Philippines
Mayon,13.257,123.685,2462,Philippines
Mayon,13.257,123.685,2462,Philippines
Mayon,13.257,123.685,2462,Philippines
Mayon,13.257,123.685,2462,Philippines
Mayon,13.257,123.685,2462,Philippines
Mayon,13.257,123.685,2462,Philippines
Taal,14.011,120.998,311,Philippines
Taal,14.011,120.998,311,Philippines
Taal,14.011,120.998,311,Philippines
Taal,14.011,120.998,311,Philippines
Taal,14.011,120.998,311,Philippines
Taal,14.011,120.998,311,Philippines
Taal,14.011,120.998,311,Philippines
Didicas,19.077,122.202,228,Philippines
Unnamed,24.0,121.83,0,Taiwan
Kuchinoerabujima,30.443,130.217,657,Japan
Kuchinoerabujima,30.443,130.217,657,Japan
Aira,31.577,130.659,1117,Japan
Aira,31.577,130.659,1117,Japan
Aira,31.577,130.659,1117,Japan
Aira,31.577,130.659,1117,Japan
Aira,31.577,130.659,1117,Japan
Aira,31.577,130.659,1117,Japan
Aira,31.577,130.659,1117,Japan
Aira,31.577,130.659,1117,Japan
Kirishimayama,31.934,130.862,1700,Japan
Kirishimayama,31.934,130.862,1700,Japan
Kirishimayama,31.934,130.862,1700,Japan
Unzendake,32.761,130.299,1483,Japan
Unzendake,32.761,130.299,1483,Japan
Asosan,32.885,131.085,1592,Japan
Asosan,32.885,131.085,1592,Japan
Asosan,32.885,131.085,1592,Japan
Asosan,32.885,131.085,1592,Japan
